transaction_description,label
FASHION RETAILER 6186,1
TRAIN TICKET,0
EBAY PURCHASE 8434,1
RENT PAYMENT,0
STEAM GAMES PURCHASE 5321,1
SPA TREATMENT,1
CAR INSURANCE,0
PLAYSTATION STORE 7082,1
PETROL STATION 2494,0
FASHION RETAILER 1172,1
WOOLWORTHS SUPERMARKET,0
XBOX STORE,1
HAIR SALON,1
SCHOOL FEES,0
CHILDCARE CENTRE,0
GYM MEMBERSHIP 9658,0
PHARMACY PRESCRIPTION 8955,0
COLES SUPERMARKET,0
STARBUCKS,1
XBOX STORE,1
PHARMACY PRESCRIPTION,0
STEAM GAMES PURCHASE 9021,1
MENULOG ORDER,1
HAIR SALON 9379,1
AMAZON PURCHASE,1
WATER CORPORATION,0
DELIVEROO 6110,1
SCHOOL FEES,0
BUS FARE,0
RENT PAYMENT,0
SCHOOL FEES,0
PHONE BILL PAYMENT,0
GYM MEMBERSHIP,0
ELECTRICITY BILL PAYMENT 7721,0
EBAY PURCHASE,1
FUEL STATION,0
PLAYSTATION STORE,1
DELIVEROO,1
BAR TAB,1
GYM MEMBERSHIP 4624,0
TRAIN TICKET,0
EBAY PURCHASE,1
GAS BILL PAYMENT,0
BUS FARE,0
NIGHTCLUB,1
DENTAL CLINIC,0
FITNESS CLASS,0
PHARMACY PRESCRIPTION 1012,0
FUEL STATION,0
BAR TAB 3439,1
PLAYSTATION STORE,1
GYM MEMBERSHIP,0
DISNEY PLUS,1
COLES SUPERMARKET,0
UNIVERSITY TUITION,0
CINEMA TICKETS,1
DELIVEROO,1
FASHION RETAILER,1
XBOX STORE 8698,1
MEDICAL CENTRE 4655,0
EBAY PURCHASE 5098,1
UNIVERSITY TUITION 2934,0
NETFLIX SUBSCRIPTION,1
FASHION RETAILER,1
BEAUTY SALON,1
BAR TAB,1
RENT PAYMENT,0
XBOX STORE,1
BUS FARE,0
CAFE PURCHASE,1
XBOX STORE 8801,1
CHILDCARE CENTRE,0
HAIR SALON 4708,1
NAIL SALON,1
ELECTRICITY BILL PAYMENT,0
PETROL STATION,0
SPOTIFY PREMIUM,1
MORTGAGE PAYMENT,0
MEDICAL CENTRE,0
XBOX STORE,1
MEDICAL CENTRE,0
GYM MEMBERSHIP 6731,0
BAR TAB,1
BAR TAB 3529,1
UBER EATS DELIVERY 5934,1
DELIVEROO,1
PLAYSTATION STORE,1
SCHOOL FEES,0
MEDICAL CENTRE,0
UBER EATS DELIVERY,1
LIQUOR STORE,1
AMAZON PURCHASE,1
CAR INSURANCE,0
CAR INSURANCE,0
BAR TAB 8632,1
RESTAURANT DINING,1
PUBLIC TRANSPORT 1667,0
HAIR SALON,1
NIGHTCLUB,1
BEAUTY SALON,1
WOOLWORTHS SUPERMARKET,0
INTERNET SERVICE PROVIDER,0
HOME INSURANCE 8791,0
UBER EATS DELIVERY,1
GAS BILL PAYMENT,0
BUS FARE,0
PUBLIC TRANSPORT,0
COLES SUPERMARKET,0
BUS FARE 4404,0
SCHOOL FEES,0
RENT PAYMENT 2343,0
HAIR SALON 1945,1
STEAM GAMES PURCHASE,1
PLAYSTATION STORE,1
FITNESS CLASS,0
ELECTRICITY BILL PAYMENT,0
BAR TAB 9436,1
DENTAL CLINIC 2048,0
SCHOOL FEES,0
NAIL SALON,1
FASHION RETAILER,1
AMAZON PURCHASE 3228,1
XBOX STORE 9107,1
TRAIN TICKET,0
INTERNET SERVICE PROVIDER,0
MENULOG ORDER,1
INTERNET SERVICE PROVIDER,0
FUEL STATION,0
UBER EATS DELIVERY,1
ALDI STORES 6942,0
DISNEY PLUS,1
PLAYSTATION STORE 3529,1
INTERNET SERVICE PROVIDER 9743,0
WATER CORPORATION 8687,0
MEDICAL CENTRE,0
SPA TREATMENT,1
STEAM GAMES PURCHASE,1
SPOTIFY PREMIUM,1
UBER EATS DELIVERY 4096,1
SPOTIFY PREMIUM,1
AMAZON PURCHASE,1
GAS BILL PAYMENT,0
XBOX STORE 7080,1
PUBLIC TRANSPORT 8461,0
STARBUCKS,1
GYM MEMBERSHIP,0
MORTGAGE PAYMENT,0
RESTAURANT DINING 7505,1
DENTAL CLINIC,0
COLES SUPERMARKET 5433,0
SPA TREATMENT 8246,1
TRAIN TICKET,0
CHILDCARE CENTRE,0
NIGHTCLUB 7336,1
FUEL STATION,0
DENTAL CLINIC,0
GAS BILL PAYMENT,0
FASHION RETAILER,1
PETROL STATION 4463,0
RESTAURANT DINING 4060,1
ELECTRICITY BILL PAYMENT,0
MORTGAGE PAYMENT,0
UNIVERSITY TUITION,0
CINEMA TICKETS 1484,1
HAIR SALON,1
DISNEY PLUS,1
NETFLIX SUBSCRIPTION 7799,1
STEAM GAMES PURCHASE 1453,1
GYM MEMBERSHIP,0
DISNEY PLUS,1
EBAY PURCHASE,1
CHILDCARE CENTRE,0
NAIL SALON 3568,1
BAR TAB,1
PUBLIC TRANSPORT 4707,0
RESTAURANT DINING,1
INTERNET SERVICE PROVIDER,0
CINEMA TICKETS 3872,1
FITNESS CLASS,0
EBAY PURCHASE,1
SPOTIFY PREMIUM,1
PHONE BILL PAYMENT,0
FASHION RETAILER,1
HAIR SALON 3189,1
FUEL STATION,0
CAR INSURANCE,0
AMAZON PURCHASE,1
STARBUCKS,1
NIGHTCLUB,1
NIGHTCLUB,1
GYM MEMBERSHIP 9525,0
PHONE BILL PAYMENT,0
NETFLIX SUBSCRIPTION 1511,1
TRAIN TICKET 4869,0
PETROL STATION,0
TRAIN TICKET,0
CINEMA TICKETS 1173,1
SCHOOL FEES 3812,0
PUBLIC TRANSPORT 7942,0
CAFE PURCHASE,1
AMAZON PURCHASE,1
SCHOOL FEES 2519,0
ELECTRICITY BILL PAYMENT 5845,0
CAR INSURANCE,0
MORTGAGE PAYMENT 7892,0
WOOLWORTHS SUPERMARKET,0
SPA TREATMENT,1
HAIR SALON,1
BAR TAB,1
MEDICAL CENTRE,0
NETFLIX SUBSCRIPTION,1
PHARMACY PRESCRIPTION,0
TRAIN TICKET,0
CHILDCARE CENTRE,0
GAS BILL PAYMENT,0
SPOTIFY PREMIUM,1
NIGHTCLUB,1
UNIVERSITY TUITION,0
CHILDCARE CENTRE,0
EBAY PURCHASE,1
CAR INSURANCE,0
GYM MEMBERSHIP 1637,0
MORTGAGE PAYMENT 5941,0
NAIL SALON,1
PLAYSTATION STORE,1
AMAZON PURCHASE,1
ALDI STORES,0
DENTAL CLINIC,0
AMAZON PURCHASE 5445,1
DENTAL CLINIC 2225,0
STARBUCKS 2726,1
HOME INSURANCE,0
EBAY PURCHASE,1
FASHION RETAILER,1
DISNEY PLUS 4560,1
FUEL STATION 3426,0
STARBUCKS,1
ELECTRICITY BILL PAYMENT,0
HAIR SALON,1
ALDI STORES 3891,0
TRAIN TICKET 3754,0
FASHION RETAILER,1
PETROL STATION,0
WOOLWORTHS SUPERMARKET,0
XBOX STORE,1
BUS FARE,0
INTERNET SERVICE PROVIDER,0
EBAY PURCHASE,1
RENT PAYMENT,0
NAIL SALON 6238,1
CINEMA TICKETS,1
SCHOOL FEES 2723,0
RESTAURANT DINING,1
BUS FARE 5157,0
STARBUCKS,1
STARBUCKS 2444,1
COLES SUPERMARKET,0
WATER CORPORATION,0
CINEMA TICKETS 2018,1
FASHION RETAILER,1
SCHOOL FEES,0
NIGHTCLUB,1
TRAIN TICKET,0
MENULOG ORDER,1
SPA TREATMENT,1
NETFLIX SUBSCRIPTION,1
ALDI STORES,0
CHILDCARE CENTRE,0
UNIVERSITY TUITION 2717,0
FASHION RETAILER,1
XBOX STORE,1
FASHION RETAILER,1
PHARMACY PRESCRIPTION,0
NETFLIX SUBSCRIPTION,1
STEAM GAMES PURCHASE,1
FASHION RETAILER 9487,1
RENT PAYMENT 6811,0
PHONE BILL PAYMENT,0
MENULOG ORDER,1
CHILDCARE CENTRE,0
RESTAURANT DINING,1
LIQUOR STORE,1
DENTAL CLINIC,0
STEAM GAMES PURCHASE 3069,1
FASHION RETAILER 6341,1
PHARMACY PRESCRIPTION,0
ALDI STORES,0
NETFLIX SUBSCRIPTION,1
MORTGAGE PAYMENT,0
COLES SUPERMARKET,0
AMAZON PURCHASE,1
SPOTIFY PREMIUM,1
BAR TAB,1
BAR TAB,1
FITNESS CLASS 4579,0
GYM MEMBERSHIP,0
FITNESS CLASS 4993,0
LIQUOR STORE 6848,1
NETFLIX SUBSCRIPTION,1
PUBLIC TRANSPORT,0
DENTAL CLINIC 1716,0
CAR INSURANCE 9286,0
BEAUTY SALON,1
BAR TAB,1
ALDI STORES 7015,0
SPOTIFY PREMIUM,1
NAIL SALON 4515,1
NETFLIX SUBSCRIPTION,1
PHARMACY PRESCRIPTION,0
DENTAL CLINIC,0
XBOX STORE,1
FASHION RETAILER,1
MENULOG ORDER 2374,1
PUBLIC TRANSPORT 2192,0
HAIR SALON,1
SCHOOL FEES,0
STEAM GAMES PURCHASE,1
MENULOG ORDER,1
STEAM GAMES PURCHASE,1
RESTAURANT DINING 9918,1
DENTAL CLINIC,0
BEAUTY SALON,1
RENT PAYMENT,0
RENT PAYMENT,0
ELECTRICITY BILL PAYMENT,0
PETROL STATION 2188,0
PLAYSTATION STORE,1
DENTAL CLINIC,0
XBOX STORE,1
CAR INSURANCE,0
UNIVERSITY TUITION,0
HOME INSURANCE 6053,0
DISNEY PLUS,1
CHILDCARE CENTRE 7316,0
SCHOOL FEES,0
XBOX STORE 6639,1
PETROL STATION,0
FITNESS CLASS 4962,0
DISNEY PLUS,1
AMAZON PURCHASE,1
AMAZON PURCHASE,1
DENTAL CLINIC,0
EBAY PURCHASE,1
CAR INSURANCE,0
PHARMACY PRESCRIPTION 2123,0
UBER EATS DELIVERY,1
MEDICAL CENTRE 8158,0
HAIR SALON 2460,1
BAR TAB,1
HOME INSURANCE,0
WATER CORPORATION,0
PUBLIC TRANSPORT,0
LIQUOR STORE 6610,1
XBOX STORE,1
BUS FARE,0
WOOLWORTHS SUPERMARKET,0
HAIR SALON,1
XBOX STORE 8754,1
MENULOG ORDER,1
RESTAURANT DINING,1
FUEL STATION,0
TRAIN TICKET,0
PETROL STATION,0
HOME INSURANCE,0
PHONE BILL PAYMENT,0
ALDI STORES,0
HAIR SALON,1
PHARMACY PRESCRIPTION,0
LIQUOR STORE,1
PHONE BILL PAYMENT 4294,0
DELIVEROO,1
UBER EATS DELIVERY 2400,1
FITNESS CLASS 4258,0
NIGHTCLUB 7621,1
XBOX STORE,1
RESTAURANT DINING 5456,1
PHONE BILL PAYMENT,0
PLAYSTATION STORE 8747,1
UBER EATS DELIVERY 1604,1
LIQUOR STORE,1
SPOTIFY PREMIUM,1
FITNESS CLASS 4866,0
GAS BILL PAYMENT 7234,0
SPA TREATMENT,1
PLAYSTATION STORE,1
GAS BILL PAYMENT,0
RENT PAYMENT,0
DISNEY PLUS,1
ELECTRICITY BILL PAYMENT 1287,0
RESTAURANT DINING,1
FASHION RETAILER,1
RESTAURANT DINING 5360,1
INTERNET SERVICE PROVIDER,0
CHILDCARE CENTRE,0
PUBLIC TRANSPORT 2769,0
MEDICAL CENTRE,0
SPA TREATMENT 4390,1
MENULOG ORDER 3633,1
MORTGAGE PAYMENT,0
HOME INSURANCE,0
WATER CORPORATION 9809,0
HOME INSURANCE,0
SCHOOL FEES,0
ALDI STORES,0
ALDI STORES,0
HAIR SALON 8537,1
DISNEY PLUS,1
ALDI STORES,0
NETFLIX SUBSCRIPTION,1
AMAZON PURCHASE,1
RENT PAYMENT,0
DENTAL CLINIC 6960,0
XBOX STORE,1
ALDI STORES,0
BUS FARE,0
EBAY PURCHASE,1
GAS BILL PAYMENT,0
COLES SUPERMARKET,0
ALDI STORES,0
BAR TAB 6917,1
SCHOOL FEES 3695,0
TRAIN TICKET,0
SPA TREATMENT 5867,1
CHILDCARE CENTRE 3382,0
SPOTIFY PREMIUM,1
RESTAURANT DINING,1
STARBUCKS,1
AMAZON PURCHASE,1
AMAZON PURCHASE,1
CAFE PURCHASE 6136,1
BUS FARE,0
HAIR SALON,1
RESTAURANT DINING,1
ELECTRICITY BILL PAYMENT 5425,0
XBOX STORE,1
HAIR SALON,1
STEAM GAMES PURCHASE 6643,1
GYM MEMBERSHIP,0
CHILDCARE CENTRE 4373,0
UBER EATS DELIVERY,1
PETROL STATION,0
TRAIN TICKET 3838,0
PLAYSTATION STORE 7710,1
CHILDCARE CENTRE,0
PLAYSTATION STORE 4092,1
ELECTRICITY BILL PAYMENT 5925,0
RENT PAYMENT,0
BEAUTY SALON,1
BUS FARE 9107,0
UBER EATS DELIVERY,1
TRAIN TICKET,0
STARBUCKS,1
BUS FARE,0
FASHION RETAILER,1
NETFLIX SUBSCRIPTION,1
STEAM GAMES PURCHASE,1
PHARMACY PRESCRIPTION,0
AMAZON PURCHASE,1
XBOX STORE,1
TRAIN TICKET 5163,0
HOME INSURANCE,0
UNIVERSITY TUITION,0
CHILDCARE CENTRE,0
FASHION RETAILER 3116,1
UNIVERSITY TUITION,0
BUS FARE,0
UNIVERSITY TUITION,0
PHARMACY PRESCRIPTION,0
TRAIN TICKET,0
HOME INSURANCE,0
PUBLIC TRANSPORT,0
FITNESS CLASS,0
DENTAL CLINIC,0
CINEMA TICKETS,1
DELIVEROO 6053,1
TRAIN TICKET 1453,0
FITNESS CLASS 1115,0
FUEL STATION,0
BUS FARE,0
STARBUCKS,1
CAFE PURCHASE 9402,1
CAFE PURCHASE,1
CAR INSURANCE 5381,0
MEDICAL CENTRE,0
BEAUTY SALON 4505,1
FASHION RETAILER,1
MORTGAGE PAYMENT,0
RENT PAYMENT,0
CAR INSURANCE,0
PHONE BILL PAYMENT 3411,0
CAFE PURCHASE,1
MEDICAL CENTRE,0
PLAYSTATION STORE,1
BUS FARE,0
CHILDCARE CENTRE,0
WOOLWORTHS SUPERMARKET,0
EBAY PURCHASE,1
RENT PAYMENT,0
HAIR SALON,1
SCHOOL FEES,0
FASHION RETAILER 2640,1
FITNESS CLASS,0
BUS FARE 9158,0
NIGHTCLUB,1
CAFE PURCHASE,1
BEAUTY SALON,1
SPOTIFY PREMIUM 6887,1
GYM MEMBERSHIP,0
UBER EATS DELIVERY,1
NAIL SALON,1
GAS BILL PAYMENT,0
PHONE BILL PAYMENT 3349,0
CAR INSURANCE,0
LIQUOR STORE,1
CAFE PURCHASE,1
SPOTIFY PREMIUM 3933,1
RENT PAYMENT,0
PHARMACY PRESCRIPTION,0
MENULOG ORDER,1
NIGHTCLUB,1
XBOX STORE,1
FITNESS CLASS,0
SPOTIFY PREMIUM 9897,1
PHARMACY PRESCRIPTION,0
GYM MEMBERSHIP 5067,0
MEDICAL CENTRE,0
PHONE BILL PAYMENT,0
PUBLIC TRANSPORT,0
WATER CORPORATION,0
CINEMA TICKETS 1491,1
DELIVEROO 7532,1
FASHION RETAILER,1
UNIVERSITY TUITION,0
ELECTRICITY BILL PAYMENT 4559,0
WATER CORPORATION,0
AMAZON PURCHASE,1
NETFLIX SUBSCRIPTION,1
ELECTRICITY BILL PAYMENT 7575,0
CAR INSURANCE,0
EBAY PURCHASE,1
PETROL STATION 2099,0
XBOX STORE,1
HAIR SALON,1
XBOX STORE,1
SPOTIFY PREMIUM,1
CHILDCARE CENTRE,0
HOME INSURANCE 5219,0
EBAY PURCHASE,1
HAIR SALON 6805,1
NETFLIX SUBSCRIPTION,1
ELECTRICITY BILL PAYMENT,0
GYM MEMBERSHIP,0
PHONE BILL PAYMENT,0
DELIVEROO,1
COLES SUPERMARKET,0
LIQUOR STORE 8511,1
PLAYSTATION STORE 9294,1
CINEMA TICKETS,1
PETROL STATION,0
UBER EATS DELIVERY,1
WOOLWORTHS SUPERMARKET,0
LIQUOR STORE,1
MORTGAGE PAYMENT,0
MEDICAL CENTRE 2643,0
RENT PAYMENT 3600,0
NAIL SALON 6945,1
LIQUOR STORE,1
WOOLWORTHS SUPERMARKET 4603,0
XBOX STORE,1
BUS FARE,0
CAFE PURCHASE,1
CINEMA TICKETS,1
CAFE PURCHASE,1
HAIR SALON,1
FUEL STATION,0
BEAUTY SALON,1
TRAIN TICKET,0
DELIVEROO 4399,1
UBER EATS DELIVERY,1
UBER EATS DELIVERY,1
EBAY PURCHASE,1
STEAM GAMES PURCHASE,1
CINEMA TICKETS,1
FITNESS CLASS,0
TRAIN TICKET,0
BUS FARE,0
SPA TREATMENT,1
CINEMA TICKETS,1
TRAIN TICKET,0
ELECTRICITY BILL PAYMENT 7982,0
SPA TREATMENT,1
HOME INSURANCE,0
STEAM GAMES PURCHASE,1
BEAUTY SALON,1
RESTAURANT DINING 5714,1
GAS BILL PAYMENT,0
CAFE PURCHASE,1
DELIVEROO,1
MEDICAL CENTRE,0
HOME INSURANCE 2430,0
MEDICAL CENTRE,0
DENTAL CLINIC 1475,0
WOOLWORTHS SUPERMARKET 8392,0
NAIL SALON,1
FASHION RETAILER 8103,1
DELIVEROO,1
RESTAURANT DINING,1
STARBUCKS,1
FUEL STATION 4305,0
NAIL SALON 4244,1
NETFLIX SUBSCRIPTION 6840,1
PETROL STATION,0
PETROL STATION 4004,0
HAIR SALON,1
NIGHTCLUB,1
BAR TAB,1
RESTAURANT DINING,1
PLAYSTATION STORE 1504,1
PETROL STATION,0
INTERNET SERVICE PROVIDER,0
NIGHTCLUB,1
SPA TREATMENT 7387,1
UNIVERSITY TUITION,0
MORTGAGE PAYMENT,0
DELIVEROO,1
DISNEY PLUS 9470,1
PLAYSTATION STORE 1493,1
NAIL SALON,1
WATER CORPORATION,0
FASHION RETAILER,1
PETROL STATION,0
CINEMA TICKETS,1
DENTAL CLINIC,0
SPOTIFY PREMIUM,1
RENT PAYMENT 8069,0
HOME INSURANCE,0
DISNEY PLUS 6412,1
NAIL SALON,1
CHILDCARE CENTRE,0
RESTAURANT DINING 2534,1
SPOTIFY PREMIUM,1
ALDI STORES,0
BUS FARE 4074,0
UBER EATS DELIVERY,1
SPOTIFY PREMIUM,1
MENULOG ORDER,1
COLES SUPERMARKET 1253,0
PUBLIC TRANSPORT,0
CAFE PURCHASE,1
MENULOG ORDER 3703,1
RESTAURANT DINING,1
CINEMA TICKETS,1
STARBUCKS 3536,1
EBAY PURCHASE,1
STARBUCKS,1
WATER CORPORATION,0
MENULOG ORDER,1
UBER EATS DELIVERY,1
PHARMACY PRESCRIPTION 5615,0
TRAIN TICKET 8673,0
BUS FARE,0
HOME INSURANCE,0
BAR TAB 7406,1
PHARMACY PRESCRIPTION,0
XBOX STORE,1
HAIR SALON 8829,1
PHARMACY PRESCRIPTION 3123,0
BAR TAB,1
MORTGAGE PAYMENT,0
RENT PAYMENT,0
RENT PAYMENT,0
DISNEY PLUS 2559,1
FITNESS CLASS,0
WOOLWORTHS SUPERMARKET,0
PUBLIC TRANSPORT,0
WOOLWORTHS SUPERMARKET,0
UBER EATS DELIVERY,1
WATER CORPORATION,0
ALDI STORES 9751,0
DELIVEROO 6719,1
DELIVEROO 2525,1
MENULOG ORDER,1
FUEL STATION 4901,0
SPA TREATMENT 4670,1
SPOTIFY PREMIUM 7356,1
RESTAURANT DINING 5890,1
CINEMA TICKETS,1
DELIVEROO,1
RESTAURANT DINING,1
BAR TAB,1
SCHOOL FEES,0
WOOLWORTHS SUPERMARKET,0
ALDI STORES,0
NETFLIX SUBSCRIPTION,1
NETFLIX SUBSCRIPTION,1
CINEMA TICKETS,1
BUS FARE,0
MENULOG ORDER,1
TRAIN TICKET,0
COLES SUPERMARKET 1637,0
SPOTIFY PREMIUM,1
NIGHTCLUB,1
WATER CORPORATION,0
SPA TREATMENT 3017,1
MORTGAGE PAYMENT 3063,0
BAR TAB,1
PETROL STATION,0
WOOLWORTHS SUPERMARKET,0
WOOLWORTHS SUPERMARKET 6085,0
FUEL STATION,0
HOME INSURANCE,0
UBER EATS DELIVERY 8177,1
PHARMACY PRESCRIPTION 7292,0
PETROL STATION,0
PHARMACY PRESCRIPTION,0
UNIVERSITY TUITION,0
MENULOG ORDER 3064,1
PHARMACY PRESCRIPTION,0
PHARMACY PRESCRIPTION,0
HAIR SALON,1
ALDI STORES,0
HAIR SALON 2501,1
HOME INSURANCE 6740,0
DELIVEROO 3170,1
MENULOG ORDER,1
TRAIN TICKET,0
ALDI STORES,0
CAR INSURANCE,0
SCHOOL FEES 7827,0
UNIVERSITY TUITION 3114,0
CHILDCARE CENTRE,0
FUEL STATION 7558,0
GAS BILL PAYMENT 7148,0
GAS BILL PAYMENT,0
SPA TREATMENT,1
GAS BILL PAYMENT,0
SPOTIFY PREMIUM,1
STEAM GAMES PURCHASE,1
FUEL STATION,0
RENT PAYMENT,0
COLES SUPERMARKET,0
EBAY PURCHASE 5467,1
PUBLIC TRANSPORT,0
GYM MEMBERSHIP,0
TRAIN TICKET,0
INTERNET SERVICE PROVIDER,0
UNIVERSITY TUITION,0
PUBLIC TRANSPORT,0
AMAZON PURCHASE,1
CAFE PURCHASE,1
AMAZON PURCHASE,1
CAFE PURCHASE,1
DISNEY PLUS,1
ELECTRICITY BILL PAYMENT,0
BEAUTY SALON,1
WATER CORPORATION,0
CINEMA TICKETS,1
AMAZON PURCHASE,1
PETROL STATION 2723,0
AMAZON PURCHASE,1
STEAM GAMES PURCHASE,1
RENT PAYMENT,0
MEDICAL CENTRE,0
NAIL SALON 5263,1
DISNEY PLUS 7206,1
FASHION RETAILER,1
NETFLIX SUBSCRIPTION 8489,1
FASHION RETAILER 5031,1
FITNESS CLASS 4068,0
AMAZON PURCHASE,1
DENTAL CLINIC,0
PLAYSTATION STORE,1
STEAM GAMES PURCHASE,1
SPOTIFY PREMIUM,1
ALDI STORES,0
TRAIN TICKET,0
STARBUCKS 8331,1
UBER EATS DELIVERY,1
FITNESS CLASS 5923,0
PHARMACY PRESCRIPTION 1688,0
PETROL STATION 8044,0
PHARMACY PRESCRIPTION,0
ELECTRICITY BILL PAYMENT,0
CAR INSURANCE,0
HOME INSURANCE,0
AMAZON PURCHASE,1
SCHOOL FEES,0
FITNESS CLASS 7479,0
BEAUTY SALON,1
GYM MEMBERSHIP,0
MENULOG ORDER 5571,1
XBOX STORE,1
WATER CORPORATION,0
BAR TAB,1
BUS FARE,0
FITNESS CLASS 5173,0
COLES SUPERMARKET,0
PLAYSTATION STORE,1
NIGHTCLUB,1
PETROL STATION 9584,0
PETROL STATION 5949,0
HAIR SALON,1
ALDI STORES,0
MORTGAGE PAYMENT 1158,0
CINEMA TICKETS 2938,1
PUBLIC TRANSPORT 7580,0
GYM MEMBERSHIP,0
FASHION RETAILER 6248,1
PHARMACY PRESCRIPTION 7803,0
CAR INSURANCE,0
UBER EATS DELIVERY,1
PHONE BILL PAYMENT,0
NIGHTCLUB 7687,1
CHILDCARE CENTRE 2052,0
AMAZON PURCHASE,1
NAIL SALON,1
PLAYSTATION STORE,1
LIQUOR STORE,1
NAIL SALON,1
SPA TREATMENT,1
PLAYSTATION STORE,1
FUEL STATION,0
BAR TAB,1
MORTGAGE PAYMENT,0
FITNESS CLASS 6135,0
MORTGAGE PAYMENT,0
CINEMA TICKETS,1
CINEMA TICKETS,1
CHILDCARE CENTRE,0
PUBLIC TRANSPORT,0
PLAYSTATION STORE 3325,1
UNIVERSITY TUITION,0
TRAIN TICKET,0
SCHOOL FEES,0
INTERNET SERVICE PROVIDER,0
FUEL STATION,0
WATER CORPORATION 6397,0
UBER EATS DELIVERY,1
ALDI STORES 8358,0
DELIVEROO,1
BUS FARE 4779,0
FITNESS CLASS 7893,0
DELIVEROO,1
HOME INSURANCE,0
GAS BILL PAYMENT 3655,0
GYM MEMBERSHIP,0
FITNESS CLASS,0
FASHION RETAILER 2682,1
DELIVEROO,1
MORTGAGE PAYMENT,0
HAIR SALON,1
HOME INSURANCE 4680,0
ALDI STORES 2596,0
PHARMACY PRESCRIPTION 8174,0
WOOLWORTHS SUPERMARKET 5220,0
NETFLIX SUBSCRIPTION 1689,1
STARBUCKS,1
TRAIN TICKET 9511,0
RENT PAYMENT,0
DELIVEROO 2598,1
MORTGAGE PAYMENT,0
PHONE BILL PAYMENT,0
ELECTRICITY BILL PAYMENT 8438,0
HAIR SALON,1
BAR TAB 1163,1
HOME INSURANCE,0
FITNESS CLASS,0
NAIL SALON,1
ALDI STORES,0
HAIR SALON,1
ELECTRICITY BILL PAYMENT 3574,0
STARBUCKS,1
XBOX STORE,1
FASHION RETAILER,1
CHILDCARE CENTRE 3018,0
PETROL STATION 2857,0
TRAIN TICKET,0
FITNESS CLASS 3606,0
GYM MEMBERSHIP,0
STEAM GAMES PURCHASE 5746,1
UBER EATS DELIVERY,1
DISNEY PLUS 9042,1
EBAY PURCHASE,1
BEAUTY SALON,1
GAS BILL PAYMENT,0
CAFE PURCHASE,1
FUEL STATION 9476,0
EBAY PURCHASE,1
CAR INSURANCE,0
CHILDCARE CENTRE 5268,0
NIGHTCLUB,1
AMAZON PURCHASE 8800,1
PHARMACY PRESCRIPTION,0
TRAIN TICKET 5677,0
SCHOOL FEES,0
FASHION RETAILER,1
ELECTRICITY BILL PAYMENT 5572,0
CAFE PURCHASE,1
ALDI STORES,0
COLES SUPERMARKET,0
MEDICAL CENTRE 5248,0
SPOTIFY PREMIUM 3115,1
MENULOG ORDER 6192,1
RENT PAYMENT 2980,0
PUBLIC TRANSPORT,0
CAFE PURCHASE 6127,1
FASHION RETAILER,1
SCHOOL FEES,0
DELIVEROO,1
STEAM GAMES PURCHASE,1
DELIVEROO,1
RESTAURANT DINING,1
HAIR SALON,1
CAFE PURCHASE,1
DENTAL CLINIC 2329,0
GYM MEMBERSHIP 2629,0
ALDI STORES,0
LIQUOR STORE,1
CINEMA TICKETS,1
NIGHTCLUB 3317,1
LIQUOR STORE,1
BEAUTY SALON,1
COLES SUPERMARKET,0
PHONE BILL PAYMENT,0
GYM MEMBERSHIP 6748,0
CAFE PURCHASE,1
FITNESS CLASS,0
MORTGAGE PAYMENT 7651,0
SCHOOL FEES 6946,0
NAIL SALON,1
NETFLIX SUBSCRIPTION,1
DELIVEROO,1
HAIR SALON 7790,1
MENULOG ORDER,1
SCHOOL FEES,0
MEDICAL CENTRE 4633,0
MEDICAL CENTRE 4840,0
HAIR SALON,1
ELECTRICITY BILL PAYMENT 9245,0
MENULOG ORDER,1
PLAYSTATION STORE,1
NIGHTCLUB 5992,1
INTERNET SERVICE PROVIDER,0
UBER EATS DELIVERY,1
PLAYSTATION STORE,1
XBOX STORE 4884,1
AMAZON PURCHASE,1
DISNEY PLUS,1
PHONE BILL PAYMENT,0
DISNEY PLUS,1
EBAY PURCHASE 3973,1
HOME INSURANCE,0
SPA TREATMENT,1
BUS FARE 9407,0
NETFLIX SUBSCRIPTION,1
MENULOG ORDER,1
EBAY PURCHASE,1
FUEL STATION,0
GAS BILL PAYMENT,0
NIGHTCLUB 3667,1
INTERNET SERVICE PROVIDER 2809,0
ALDI STORES,0
AMAZON PURCHASE,1
INTERNET SERVICE PROVIDER,0
PLAYSTATION STORE,1
STARBUCKS 3567,1
ALDI STORES,0
MEDICAL CENTRE,0
MEDICAL CENTRE 1912,0
GYM MEMBERSHIP,0
FITNESS CLASS 1402,0
FASHION RETAILER,1
ALDI STORES,0
SCHOOL FEES 9433,0
PLAYSTATION STORE 6373,1
CHILDCARE CENTRE,0
HOME INSURANCE 5470,0
XBOX STORE,1
MENULOG ORDER 8956,1
PLAYSTATION STORE,1
DENTAL CLINIC 8349,0
ELECTRICITY BILL PAYMENT,0
BAR TAB,1
MEDICAL CENTRE,0
DENTAL CLINIC 8322,0
UNIVERSITY TUITION,0
CAR INSURANCE,0
STARBUCKS,1
NIGHTCLUB 2309,1
PETROL STATION,0
CHILDCARE CENTRE,0
STEAM GAMES PURCHASE,1
PETROL STATION,0
SPOTIFY PREMIUM 6988,1
PLAYSTATION STORE 9816,1
DENTAL CLINIC,0
UBER EATS DELIVERY,1
PUBLIC TRANSPORT 9782,0
MENULOG ORDER 8391,1
UNIVERSITY TUITION 1086,0
SCHOOL FEES 8709,0
FUEL STATION,0
DENTAL CLINIC 4478,0
FUEL STATION 1878,0
SCHOOL FEES,0
ELECTRICITY BILL PAYMENT,0
CAFE PURCHASE 1267,1
EBAY PURCHASE,1
BAR TAB,1
PETROL STATION,0
TRAIN TICKET,0
AMAZON PURCHASE,1
DELIVEROO 8129,1
MEDICAL CENTRE 3480,0
WATER CORPORATION,0
FUEL STATION,0
HOME INSURANCE,0
CINEMA TICKETS 3029,1
RENT PAYMENT,0
TRAIN TICKET 2641,0
ELECTRICITY BILL PAYMENT,0
GYM MEMBERSHIP,0
GAS BILL PAYMENT 5547,0
PHARMACY PRESCRIPTION,0
NIGHTCLUB,1
FASHION RETAILER,1
SPOTIFY PREMIUM,1
ELECTRICITY BILL PAYMENT,0
HAIR SALON,1
BAR TAB,1
CAFE PURCHASE,1
WOOLWORTHS SUPERMARKET,0
DISNEY PLUS,1
UNIVERSITY TUITION 4923,0
HOME INSURANCE,0
SPOTIFY PREMIUM,1
INTERNET SERVICE PROVIDER,0
SCHOOL FEES 1049,0
MENULOG ORDER,1
RENT PAYMENT,0
CAFE PURCHASE,1
NAIL SALON,1
PHONE BILL PAYMENT,0
NETFLIX SUBSCRIPTION,1
MENULOG ORDER,1
FASHION RETAILER 6498,1
SCHOOL FEES,0
UNIVERSITY TUITION 2334,0
ELECTRICITY BILL PAYMENT 7597,0
CAR INSURANCE,0
GYM MEMBERSHIP,0
HAIR SALON 5055,1
FUEL STATION,0
PLAYSTATION STORE,1
NETFLIX SUBSCRIPTION 5690,1
BAR TAB,1
BEAUTY SALON,1
NETFLIX SUBSCRIPTION 3688,1
SPA TREATMENT,1
TRAIN TICKET 7484,0
AMAZON PURCHASE,1
STEAM GAMES PURCHASE 3399,1
NETFLIX SUBSCRIPTION 7247,1
CINEMA TICKETS,1
BAR TAB 3119,1
FASHION RETAILER,1
DELIVEROO,1
FUEL STATION 3408,0
INTERNET SERVICE PROVIDER,0
HOME INSURANCE,0
COLES SUPERMARKET,0
HAIR SALON 8566,1
DENTAL CLINIC,0
SPA TREATMENT,1
GAS BILL PAYMENT,0
WOOLWORTHS SUPERMARKET,0
GYM MEMBERSHIP 5392,0
BUS FARE,0
PHARMACY PRESCRIPTION 6535,0
WATER CORPORATION,0
UNIVERSITY TUITION,0
DELIVEROO,1
ALDI STORES,0
BUS FARE 6566,0
SPOTIFY PREMIUM 4837,1
SCHOOL FEES 7597,0
CHILDCARE CENTRE,0
FASHION RETAILER 4977,1
GYM MEMBERSHIP 4075,0
PUBLIC TRANSPORT,0
BEAUTY SALON,1
DISNEY PLUS,1
TRAIN TICKET,0
NAIL SALON,1
UBER EATS DELIVERY,1
MENULOG ORDER,1
ALDI STORES,0
DENTAL CLINIC,0
INTERNET SERVICE PROVIDER,0
NETFLIX SUBSCRIPTION 1068,1
CAR INSURANCE,0
DISNEY PLUS 7144,1
PHONE BILL PAYMENT 2486,0
EBAY PURCHASE,1
NETFLIX SUBSCRIPTION,1
BEAUTY SALON,1
WOOLWORTHS SUPERMARKET,0
CINEMA TICKETS,1
MORTGAGE PAYMENT 6587,0
BUS FARE,0
HOME INSURANCE 1429,0
STEAM GAMES PURCHASE 7639,1
PHONE BILL PAYMENT 4409,0
UBER EATS DELIVERY 2333,1
BAR TAB,1
BUS FARE,0
HAIR SALON 4418,1
CHILDCARE CENTRE,0
GAS BILL PAYMENT,0
GAS BILL PAYMENT 2030,0
COLES SUPERMARKET 2116,0
CHILDCARE CENTRE,0
PUBLIC TRANSPORT,0
DENTAL CLINIC,0
PLAYSTATION STORE,1
HAIR SALON,1
PHARMACY PRESCRIPTION,0
ALDI STORES 6423,0
MEDICAL CENTRE 6886,0
PETROL STATION,0
SCHOOL FEES,0
BUS FARE,0
STEAM GAMES PURCHASE 4354,1
FASHION RETAILER 6523,1
PUBLIC TRANSPORT,0
RESTAURANT DINING,1
PHARMACY PRESCRIPTION 2415,0
FUEL STATION 8284,0
GYM MEMBERSHIP,0
ELECTRICITY BILL PAYMENT,0
CINEMA TICKETS,1
CHILDCARE CENTRE,0
NIGHTCLUB 8256,1
MORTGAGE PAYMENT 3078,0
NIGHTCLUB,1
WOOLWORTHS SUPERMARKET,0
NETFLIX SUBSCRIPTION,1
MORTGAGE PAYMENT 6520,0
GAS BILL PAYMENT,0
MORTGAGE PAYMENT 3859,0
STEAM GAMES PURCHASE,1
SPA TREATMENT 4773,1
MEDICAL CENTRE,0
SPA TREATMENT,1
LIQUOR STORE 8053,1
STEAM GAMES PURCHASE 5791,1
PETROL STATION 7958,0
PHONE BILL PAYMENT,0
MEDICAL CENTRE 5768,0
PHONE BILL PAYMENT 7481,0
UBER EATS DELIVERY,1
SCHOOL FEES,0
XBOX STORE,1
RENT PAYMENT,0
FASHION RETAILER,1
FUEL STATION 4939,0
DENTAL CLINIC,0
PLAYSTATION STORE 6905,1
NETFLIX SUBSCRIPTION 4426,1
HOME INSURANCE,0
MORTGAGE PAYMENT,0
AMAZON PURCHASE,1
CAFE PURCHASE,1
CHILDCARE CENTRE,0
INTERNET SERVICE PROVIDER 9254,0
AMAZON PURCHASE,1
LIQUOR STORE 4214,1
ELECTRICITY BILL PAYMENT,0
NAIL SALON,1
AMAZON PURCHASE,1
HAIR SALON 6779,1
MENULOG ORDER,1
PETROL STATION,0
LIQUOR STORE,1
FITNESS CLASS,0
UBER EATS DELIVERY,1
NIGHTCLUB 7049,1
GYM MEMBERSHIP,0
DELIVEROO,1
UBER EATS DELIVERY 7569,1
SPOTIFY PREMIUM,1
BEAUTY SALON 8319,1
ALDI STORES 2557,0
UBER EATS DELIVERY,1
SPOTIFY PREMIUM,1
RESTAURANT DINING,1
GYM MEMBERSHIP,0
CAR INSURANCE,0
STARBUCKS 3368,1
GAS BILL PAYMENT 8670,0
BUS FARE,0
MEDICAL CENTRE,0
UBER EATS DELIVERY 5943,1
CAR INSURANCE,0
GAS BILL PAYMENT,0
AMAZON PURCHASE,1
PHARMACY PRESCRIPTION 8827,0
SPOTIFY PREMIUM,1
NAIL SALON,1
RESTAURANT DINING,1
NIGHTCLUB,1
BEAUTY SALON,1
EBAY PURCHASE,1
DENTAL CLINIC,0
COLES SUPERMARKET,0
ALDI STORES,0
INTERNET SERVICE PROVIDER,0
DENTAL CLINIC,0
WATER CORPORATION 8903,0
INTERNET SERVICE PROVIDER 6685,0
PHARMACY PRESCRIPTION,0
NIGHTCLUB,1
BEAUTY SALON 7841,1
MEDICAL CENTRE 8756,0
AMAZON PURCHASE,1
EBAY PURCHASE 1456,1
FASHION RETAILER,1
WATER CORPORATION,0
HOME INSURANCE 3217,0
MORTGAGE PAYMENT,0
CAFE PURCHASE 3563,1
PHARMACY PRESCRIPTION 4797,0
COLES SUPERMARKET,0
CAR INSURANCE,0
NETFLIX SUBSCRIPTION 8900,1
HOME INSURANCE 1404,0
FASHION RETAILER,1
CINEMA TICKETS 2929,1
AMAZON PURCHASE,1
NIGHTCLUB,1
MORTGAGE PAYMENT,0
MORTGAGE PAYMENT 8499,0
BAR TAB,1
CHILDCARE CENTRE,0
RENT PAYMENT,0
UNIVERSITY TUITION 7974,0
CAR INSURANCE 4823,0
PLAYSTATION STORE,1
UNIVERSITY TUITION,0
STEAM GAMES PURCHASE,1
AMAZON PURCHASE 8061,1
MENULOG ORDER,1
STEAM GAMES PURCHASE 3381,1
RESTAURANT DINING,1
PLAYSTATION STORE,1
EBAY PURCHASE,1
XBOX STORE,1
MENULOG ORDER,1
FUEL STATION,0
BUS FARE,0
LIQUOR STORE,1
INTERNET SERVICE PROVIDER,0
CINEMA TICKETS,1
GAS BILL PAYMENT 8156,0
CINEMA TICKETS,1
HOME INSURANCE,0
ALDI STORES 9387,0
STEAM GAMES PURCHASE,1
FITNESS CLASS 8945,0
EBAY PURCHASE,1
PHARMACY PRESCRIPTION 6813,0
SPA TREATMENT,1
PHARMACY PRESCRIPTION 7884,0
CAFE PURCHASE,1
SCHOOL FEES,0
INTERNET SERVICE PROVIDER 5913,0
SPA TREATMENT,1
TRAIN TICKET,0
INTERNET SERVICE PROVIDER,0
CAFE PURCHASE 7647,1
RENT PAYMENT,0
UBER EATS DELIVERY 9432,1
DELIVEROO,1
STARBUCKS,1
MEDICAL CENTRE,0
MEDICAL CENTRE 2101,0
XBOX STORE 5157,1
PETROL STATION,0
MEDICAL CENTRE,0
TRAIN TICKET,0
DISNEY PLUS,1
STEAM GAMES PURCHASE,1
UNIVERSITY TUITION,0
NAIL SALON 4024,1
SPOTIFY PREMIUM,1
LIQUOR STORE 1116,1
BEAUTY SALON 8021,1
PLAYSTATION STORE 6603,1
NETFLIX SUBSCRIPTION,1
WATER CORPORATION 6204,0
ELECTRICITY BILL PAYMENT,0
SPOTIFY PREMIUM 2713,1
FITNESS CLASS,0
AMAZON PURCHASE,1
EBAY PURCHASE,1
BAR TAB,1
SCHOOL FEES 1208,0
HOME INSURANCE,0
NIGHTCLUB 9202,1
STARBUCKS,1
UBER EATS DELIVERY,1
PLAYSTATION STORE,1
PHARMACY PRESCRIPTION,0
FUEL STATION 8103,0
INTERNET SERVICE PROVIDER,0
EBAY PURCHASE,1
STEAM GAMES PURCHASE,1
WATER CORPORATION 2954,0
RENT PAYMENT 2622,0
FITNESS CLASS,0
GAS BILL PAYMENT,0
INTERNET SERVICE PROVIDER,0
NETFLIX SUBSCRIPTION,1
UBER EATS DELIVERY,1
CAFE PURCHASE,1
DISNEY PLUS,1
BAR TAB,1
XBOX STORE,1
MEDICAL CENTRE,0
SPA TREATMENT,1
RESTAURANT DINING,1
PHARMACY PRESCRIPTION,0
EBAY PURCHASE,1
WOOLWORTHS SUPERMARKET 3813,0
NETFLIX SUBSCRIPTION,1
RESTAURANT DINING,1
INTERNET SERVICE PROVIDER,0
CHILDCARE CENTRE,0
BAR TAB,1
PLAYSTATION STORE,1
HAIR SALON,1
NETFLIX SUBSCRIPTION 8087,1
BUS FARE,0
NAIL SALON,1
CHILDCARE CENTRE,0
PHARMACY PRESCRIPTION,0
PHONE BILL PAYMENT,0
BUS FARE,0
GYM MEMBERSHIP,0
PETROL STATION,0
DELIVEROO,1
HOME INSURANCE,0
SCHOOL FEES,0
SCHOOL FEES,0
NIGHTCLUB 6418,1
CAFE PURCHASE 9355,1
DELIVEROO 3109,1
PLAYSTATION STORE 6168,1
COLES SUPERMARKET 7099,0
RENT PAYMENT,0
SPOTIFY PREMIUM,1
GYM MEMBERSHIP,0
XBOX STORE,1
CAFE PURCHASE,1
RENT PAYMENT,0
BUS FARE 4060,0
NIGHTCLUB 4766,1
PHONE BILL PAYMENT,0
HAIR SALON,1
NIGHTCLUB 6283,1
SCHOOL FEES,0
STEAM GAMES PURCHASE 3110,1
UNIVERSITY TUITION,0
COLES SUPERMARKET,0
FUEL STATION,0
MORTGAGE PAYMENT,0
UNIVERSITY TUITION 6591,0
GYM MEMBERSHIP,0
FASHION RETAILER 9654,1
AMAZON PURCHASE 9191,1
ELECTRICITY BILL PAYMENT,0
MEDICAL CENTRE 1122,0
NETFLIX SUBSCRIPTION,1
FITNESS CLASS,0
PLAYSTATION STORE,1
GYM MEMBERSHIP,0
FUEL STATION,0
COLES SUPERMARKET,0
STARBUCKS 9579,1
INTERNET SERVICE PROVIDER 8190,0
CHILDCARE CENTRE 6135,0
BEAUTY SALON,1
CHILDCARE CENTRE,0
HOME INSURANCE 6479,0
STARBUCKS,1
DISNEY PLUS,1
SCHOOL FEES,0
FUEL STATION,0
XBOX STORE 1702,1
NAIL SALON,1
ELECTRICITY BILL PAYMENT,0
CHILDCARE CENTRE 9307,0
ALDI STORES,0
SPOTIFY PREMIUM,1
CINEMA TICKETS,1
FASHION RETAILER 9945,1
CAR INSURANCE,0
PLAYSTATION STORE,1
MENULOG ORDER,1
GYM MEMBERSHIP,0
WATER CORPORATION,0
PHARMACY PRESCRIPTION 2253,0
PUBLIC TRANSPORT 5622,0
BAR TAB 3022,1
TRAIN TICKET 3918,0
GYM MEMBERSHIP,0
FASHION RETAILER 7266,1
SPOTIFY PREMIUM,1
PUBLIC TRANSPORT 8163,0
RESTAURANT DINING,1
NAIL SALON,1
PUBLIC TRANSPORT 6554,0
STEAM GAMES PURCHASE,1
PHONE BILL PAYMENT 1269,0
LIQUOR STORE,1
LIQUOR STORE 7276,1
AMAZON PURCHASE,1
NETFLIX SUBSCRIPTION 2658,1
GAS BILL PAYMENT,0
ELECTRICITY BILL PAYMENT,0
MORTGAGE PAYMENT,0
RESTAURANT DINING 6228,1
NETFLIX SUBSCRIPTION,1
UBER EATS DELIVERY 6070,1
HOME INSURANCE,0
CHILDCARE CENTRE,0
FUEL STATION,0
ELECTRICITY BILL PAYMENT,0
SCHOOL FEES,0
SPA TREATMENT 1403,1
XBOX STORE 7872,1
LIQUOR STORE,1
BEAUTY SALON 6390,1
WOOLWORTHS SUPERMARKET,0
NIGHTCLUB 1872,1
AMAZON PURCHASE,1
STEAM GAMES PURCHASE,1
NAIL SALON,1
STEAM GAMES PURCHASE,1
COLES SUPERMARKET 5837,0
HAIR SALON,1
DENTAL CLINIC 1237,0
CAR INSURANCE,0
SPA TREATMENT,1
DISNEY PLUS 9800,1
MENULOG ORDER,1
GAS BILL PAYMENT,0
FUEL STATION,0
DENTAL CLINIC,0
EBAY PURCHASE,1
LIQUOR STORE,1
BEAUTY SALON 3073,1
SPOTIFY PREMIUM,1
UNIVERSITY TUITION 9518,0
UNIVERSITY TUITION,0
NAIL SALON,1
DELIVEROO,1
GAS BILL PAYMENT,0
COLES SUPERMARKET,0
PETROL STATION,0
NAIL SALON,1
LIQUOR STORE,1
DISNEY PLUS 4617,1
XBOX STORE,1
MORTGAGE PAYMENT,0
MORTGAGE PAYMENT,0
MEDICAL CENTRE,0
AMAZON PURCHASE 7360,1
STEAM GAMES PURCHASE,1
TRAIN TICKET,0
ALDI STORES,0
GYM MEMBERSHIP,0
DISNEY PLUS 6271,1
WOOLWORTHS SUPERMARKET,0
PHARMACY PRESCRIPTION,0
GAS BILL PAYMENT,0
PHARMACY PRESCRIPTION,0
PHONE BILL PAYMENT,0
GYM MEMBERSHIP,0
PHARMACY PRESCRIPTION 4306,0
DENTAL CLINIC,0
SPOTIFY PREMIUM,1
FASHION RETAILER 4308,1
DENTAL CLINIC,0
PHONE BILL PAYMENT 3739,0
FITNESS CLASS 8038,0
FASHION RETAILER,1
BAR TAB 1683,1
ELECTRICITY BILL PAYMENT 7044,0
NAIL SALON,1
PLAYSTATION STORE,1
HOME INSURANCE 2886,0
BEAUTY SALON,1
HAIR SALON 9893,1
RENT PAYMENT,0
UBER EATS DELIVERY,1
NIGHTCLUB,1
ALDI STORES,0
STARBUCKS,1
HOME INSURANCE,0
BAR TAB 5397,1
NAIL SALON 9446,1
FITNESS CLASS,0
MORTGAGE PAYMENT 8569,0
SPA TREATMENT 1714,1
STARBUCKS 9091,1
ALDI STORES,0
WOOLWORTHS SUPERMARKET,0
FASHION RETAILER 5888,1
RENT PAYMENT,0
GAS BILL PAYMENT,0
DELIVEROO,1
UBER EATS DELIVERY,1
BEAUTY SALON 1414,1
GYM MEMBERSHIP 3457,0
ELECTRICITY BILL PAYMENT,0
MORTGAGE PAYMENT,0
GYM MEMBERSHIP,0
WATER CORPORATION,0
WOOLWORTHS SUPERMARKET 6785,0
DENTAL CLINIC,0
ELECTRICITY BILL PAYMENT 5872,0
COLES SUPERMARKET 1083,0
UNIVERSITY TUITION,0
SPOTIFY PREMIUM,1
ALDI STORES,0
UBER EATS DELIVERY,1
CHILDCARE CENTRE 7910,0
INTERNET SERVICE PROVIDER,0
PETROL STATION 6259,0
GAS BILL PAYMENT,0
UBER EATS DELIVERY,1
RESTAURANT DINING,1
CAFE PURCHASE 9247,1
DENTAL CLINIC,0
NIGHTCLUB,1
AMAZON PURCHASE,1
CHILDCARE CENTRE,0
DISNEY PLUS,1
CAR INSURANCE,0
MEDICAL CENTRE,0
TRAIN TICKET 2582,0
WATER CORPORATION,0
MENULOG ORDER,1
INTERNET SERVICE PROVIDER,0
MEDICAL CENTRE 3839,0
PLAYSTATION STORE 2250,1
MORTGAGE PAYMENT,0
AMAZON PURCHASE,1
MORTGAGE PAYMENT,0
MORTGAGE PAYMENT,0
DELIVEROO 1130,1
AMAZON PURCHASE,1
AMAZON PURCHASE 2803,1
ELECTRICITY BILL PAYMENT,0
RENT PAYMENT,0
NETFLIX SUBSCRIPTION,1
MORTGAGE PAYMENT,0
AMAZON PURCHASE 5755,1
GYM MEMBERSHIP,0
CAFE PURCHASE,1
SPA TREATMENT 7908,1
RENT PAYMENT 1135,0
TRAIN TICKET,0
FUEL STATION,0
HOME INSURANCE 7893,0
NAIL SALON 9519,1
DELIVEROO,1
CAFE PURCHASE,1
LIQUOR STORE,1
SCHOOL FEES 2039,0
CAFE PURCHASE,1
HAIR SALON,1
MEDICAL CENTRE,0
CHILDCARE CENTRE 5443,0
LIQUOR STORE,1
PLAYSTATION STORE,1
WOOLWORTHS SUPERMARKET,0
CINEMA TICKETS 3953,1
CINEMA TICKETS 4566,1
DISNEY PLUS 2398,1
PUBLIC TRANSPORT,0
BAR TAB,1
COLES SUPERMARKET,0
PLAYSTATION STORE,1
XBOX STORE,1
STARBUCKS,1
DELIVEROO,1
ELECTRICITY BILL PAYMENT,0
EBAY PURCHASE,1
SCHOOL FEES,0
WOOLWORTHS SUPERMARKET 2870,0
STEAM GAMES PURCHASE,1
COLES SUPERMARKET,0
PUBLIC TRANSPORT 4018,0
XBOX STORE,1
INTERNET SERVICE PROVIDER 9181,0
STARBUCKS,1
AMAZON PURCHASE,1
FITNESS CLASS,0
FUEL STATION,0
CHILDCARE CENTRE,0
XBOX STORE,1
NETFLIX SUBSCRIPTION,1
CHILDCARE CENTRE 4120,0
RESTAURANT DINING,1
CAFE PURCHASE,1
ALDI STORES,0
XBOX STORE,1
CHILDCARE CENTRE,0
NETFLIX SUBSCRIPTION,1
SPA TREATMENT 7115,1
NAIL SALON,1
SPOTIFY PREMIUM,1
CAFE PURCHASE,1
DISNEY PLUS,1
XBOX STORE,1
SPOTIFY PREMIUM,1
HOME INSURANCE 7807,0
LIQUOR STORE,1
PHONE BILL PAYMENT,0
CHILDCARE CENTRE 6440,0
STEAM GAMES PURCHASE 9657,1
CHILDCARE CENTRE 3335,0
CAFE PURCHASE,1
BUS FARE 6861,0
MORTGAGE PAYMENT 4331,0
CHILDCARE CENTRE 3239,0
BEAUTY SALON,1
PLAYSTATION STORE,1
MEDICAL CENTRE,0
STEAM GAMES PURCHASE,1
STARBUCKS,1
BAR TAB,1
SCHOOL FEES,0
DISNEY PLUS,1
EBAY PURCHASE,1
FITNESS CLASS,0
SPA TREATMENT,1
NETFLIX SUBSCRIPTION,1
PUBLIC TRANSPORT,0
PUBLIC TRANSPORT,0
WOOLWORTHS SUPERMARKET,0
DELIVEROO,1
PETROL STATION,0
RESTAURANT DINING,1
STARBUCKS 7013,1
UBER EATS DELIVERY,1
FUEL STATION,0
XBOX STORE,1
RESTAURANT DINING 4850,1
XBOX STORE,1
DENTAL CLINIC,0
GYM MEMBERSHIP,0
MENULOG ORDER 8188,1
HOME INSURANCE,0
NIGHTCLUB,1
MEDICAL CENTRE,0
SPOTIFY PREMIUM,1
NAIL SALON 7145,1
PHONE BILL PAYMENT 6988,0
GYM MEMBERSHIP 2088,0
NAIL SALON,1
PHARMACY PRESCRIPTION,0
FASHION RETAILER,1
AMAZON PURCHASE,1
RESTAURANT DINING 6828,1
INTERNET SERVICE PROVIDER,0
BUS FARE,0
COLES SUPERMARKET,0
HAIR SALON,1
FASHION RETAILER,1
GAS BILL PAYMENT,0
SPOTIFY PREMIUM 1917,1
UNIVERSITY TUITION 3867,0
PUBLIC TRANSPORT 9475,0
NETFLIX SUBSCRIPTION,1
BEAUTY SALON,1
TRAIN TICKET,0
BAR TAB,1
STARBUCKS,1
TRAIN TICKET,0
FITNESS CLASS,0
HAIR SALON,1
PUBLIC TRANSPORT,0
STEAM GAMES PURCHASE,1
SCHOOL FEES,0
PLAYSTATION STORE,1
GAS BILL PAYMENT 4828,0
SPA TREATMENT,1
CINEMA TICKETS,1
SCHOOL FEES,0
FUEL STATION,0
GAS BILL PAYMENT 5477,0
PLAYSTATION STORE 7385,1
FUEL STATION,0
ALDI STORES,0
SPOTIFY PREMIUM 2955,1
ELECTRICITY BILL PAYMENT 5292,0
FUEL STATION,0
MEDICAL CENTRE,0
BAR TAB,1
RENT PAYMENT,0
TRAIN TICKET,0
NIGHTCLUB 1117,1
FITNESS CLASS 4949,0
CINEMA TICKETS,1
CAR INSURANCE,0
FITNESS CLASS 6072,0
BAR TAB,1
NIGHTCLUB,1
DISNEY PLUS,1
LIQUOR STORE,1
MENULOG ORDER,1
FASHION RETAILER 9826,1
SPA TREATMENT,1
DELIVEROO,1
MEDICAL CENTRE,0
EBAY PURCHASE,1
CHILDCARE CENTRE,0
BEAUTY SALON,1
PETROL STATION,0
CHILDCARE CENTRE 1702,0
FUEL STATION 3927,0
WATER CORPORATION 1871,0
MORTGAGE PAYMENT,0
RESTAURANT DINING,1
FUEL STATION,0
CINEMA TICKETS 7425,1
XBOX STORE 4087,1
LIQUOR STORE,1
MENULOG ORDER 3675,1
NIGHTCLUB 9413,1
XBOX STORE,1
BEAUTY SALON 9167,1
CAFE PURCHASE 7666,1
PHONE BILL PAYMENT,0
PLAYSTATION STORE,1
DISNEY PLUS,1
RESTAURANT DINING 6872,1
MENULOG ORDER,1
BAR TAB,1
RESTAURANT DINING 2714,1
STARBUCKS,1
LIQUOR STORE,1
BUS FARE,0
STARBUCKS,1
NAIL SALON 5953,1
HAIR SALON 3315,1
XBOX STORE 2591,1
PHARMACY PRESCRIPTION,0
COLES SUPERMARKET 5029,0
STEAM GAMES PURCHASE 2574,1
AMAZON PURCHASE,1
COLES SUPERMARKET,0
CAFE PURCHASE,1
DISNEY PLUS,1
GAS BILL PAYMENT,0
TRAIN TICKET,0
WOOLWORTHS SUPERMARKET,0
NAIL SALON,1
CINEMA TICKETS,1
PLAYSTATION STORE,1
STEAM GAMES PURCHASE,1
BEAUTY SALON,1
PLAYSTATION STORE,1
UBER EATS DELIVERY,1
DELIVEROO,1
HAIR SALON 1128,1
UBER EATS DELIVERY,1
XBOX STORE,1
CAFE PURCHASE,1
LIQUOR STORE,1
MENULOG ORDER,1
SPOTIFY PREMIUM 5810,1
ELECTRICITY BILL PAYMENT 4996,0
PETROL STATION,0
NETFLIX SUBSCRIPTION,1
HAIR SALON,1
RENT PAYMENT,0
GAS BILL PAYMENT 7043,0
UNIVERSITY TUITION,0
RESTAURANT DINING,1
UBER EATS DELIVERY,1
PLAYSTATION STORE,1
RESTAURANT DINING 3038,1
FUEL STATION,0
SPOTIFY PREMIUM,1
HOME INSURANCE,0
FASHION RETAILER,1
BEAUTY SALON,1
BUS FARE 8944,0
UBER EATS DELIVERY,1
SPOTIFY PREMIUM 3791,1
CAR INSURANCE,0
BEAUTY SALON,1
MORTGAGE PAYMENT 7129,0
HAIR SALON,1
INTERNET SERVICE PROVIDER,0
MENULOG ORDER 3766,1
INTERNET SERVICE PROVIDER,0
MORTGAGE PAYMENT,0
EBAY PURCHASE 2728,1
DELIVEROO,1
UBER EATS DELIVERY,1
UNIVERSITY TUITION,0
MENULOG ORDER,1
MENULOG ORDER,1
FITNESS CLASS,0
DENTAL CLINIC,0
GYM MEMBERSHIP,0
CAR INSURANCE 3800,0
WATER CORPORATION,0
FUEL STATION,0
HAIR SALON,1
AMAZON PURCHASE,1
SPOTIFY PREMIUM,1
RESTAURANT DINING 4333,1
ALDI STORES 1847,0
SPOTIFY PREMIUM,1
FITNESS CLASS,0
NETFLIX SUBSCRIPTION,1
MORTGAGE PAYMENT,0
DISNEY PLUS,1
UNIVERSITY TUITION,0
PHONE BILL PAYMENT,0
INTERNET SERVICE PROVIDER 7457,0
CAR INSURANCE,0
HAIR SALON,1
XBOX STORE,1
CHILDCARE CENTRE,0
BUS FARE 3697,0
EBAY PURCHASE,1
NETFLIX SUBSCRIPTION 1518,1
FUEL STATION,0
SCHOOL FEES,0
PHONE BILL PAYMENT,0
BUS FARE,0
NAIL SALON 8126,1
ALDI STORES,0
DISNEY PLUS 5725,1
FUEL STATION,0
SPA TREATMENT,1
SPA TREATMENT,1
MORTGAGE PAYMENT,0
GYM MEMBERSHIP 7326,0
ALDI STORES,0
MENULOG ORDER,1
WOOLWORTHS SUPERMARKET 3572,0
UNIVERSITY TUITION,0
NETFLIX SUBSCRIPTION,1
CAFE PURCHASE,1
NAIL SALON 3888,1
HAIR SALON,1
WOOLWORTHS SUPERMARKET,0
EBAY PURCHASE 5696,1
NIGHTCLUB 1081,1
PETROL STATION,0
MENULOG ORDER,1
MORTGAGE PAYMENT,0
MENULOG ORDER,1
PHARMACY PRESCRIPTION 7190,0
UBER EATS DELIVERY 5250,1
SPA TREATMENT 1034,1
ELECTRICITY BILL PAYMENT,0
PHARMACY PRESCRIPTION,0
TRAIN TICKET,0
GAS BILL PAYMENT,0
PUBLIC TRANSPORT 4423,0
DENTAL CLINIC,0
CINEMA TICKETS,1
FUEL STATION 8020,0
FUEL STATION,0
NIGHTCLUB 8238,1
FITNESS CLASS,0
LIQUOR STORE 7876,1
PETROL STATION,0
MENULOG ORDER 2512,1
CINEMA TICKETS,1
CAFE PURCHASE 1260,1
HAIR SALON,1
DELIVEROO,1
PHONE BILL PAYMENT 5031,0
CINEMA TICKETS,1
CAR INSURANCE,0
AMAZON PURCHASE,1
DENTAL CLINIC 3045,0
PHARMACY PRESCRIPTION,0
FITNESS CLASS 7064,0
COLES SUPERMARKET,0
LIQUOR STORE,1
CHILDCARE CENTRE,0
PHARMACY PRESCRIPTION,0
UNIVERSITY TUITION 4797,0
EBAY PURCHASE 3941,1
STARBUCKS,1
PLAYSTATION STORE,1
NIGHTCLUB 2352,1
PHARMACY PRESCRIPTION,0
UBER EATS DELIVERY 5168,1
CINEMA TICKETS,1
FASHION RETAILER,1
PLAYSTATION STORE 8126,1
STEAM GAMES PURCHASE,1
XBOX STORE 9000,1
XBOX STORE,1
PUBLIC TRANSPORT 8358,0
WATER CORPORATION,0
GYM MEMBERSHIP,0
FUEL STATION,0
PLAYSTATION STORE 5936,1
CINEMA TICKETS,1
BAR TAB 9945,1
DISNEY PLUS,1
CAR INSURANCE,0
BEAUTY SALON,1
ALDI STORES 7130,0
CHILDCARE CENTRE,0
NIGHTCLUB,1
WOOLWORTHS SUPERMARKET,0
PETROL STATION,0
BUS FARE,0
PHARMACY PRESCRIPTION 7957,0
WOOLWORTHS SUPERMARKET,0
PUBLIC TRANSPORT,0
NETFLIX SUBSCRIPTION,1
FITNESS CLASS,0
SCHOOL FEES,0
PETROL STATION,0
CHILDCARE CENTRE 9837,0
CINEMA TICKETS,1
BEAUTY SALON 9175,1
DELIVEROO,1
UBER EATS DELIVERY,1
GYM MEMBERSHIP,0
NIGHTCLUB,1
BAR TAB,1
BEAUTY SALON,1
DENTAL CLINIC,0
RESTAURANT DINING,1
GAS BILL PAYMENT,0
CHILDCARE CENTRE 2899,0
MORTGAGE PAYMENT,0
LIQUOR STORE,1
MEDICAL CENTRE 8554,0
CAR INSURANCE 4012,0
NIGHTCLUB,1
BEAUTY SALON 8287,1
TRAIN TICKET,0
PLAYSTATION STORE,1
ELECTRICITY BILL PAYMENT 3782,0
FASHION RETAILER,1
DENTAL CLINIC 4092,0
MEDICAL CENTRE,0
FUEL STATION,0
INTERNET SERVICE PROVIDER,0
PLAYSTATION STORE,1
DENTAL CLINIC,0
HAIR SALON 1922,1
GYM MEMBERSHIP 6752,0
WOOLWORTHS SUPERMARKET,0
NETFLIX SUBSCRIPTION,1
FUEL STATION 5847,0
UNIVERSITY TUITION,0
NIGHTCLUB,1
NAIL SALON,1
MORTGAGE PAYMENT 7355,0
WATER CORPORATION,0
NETFLIX SUBSCRIPTION 9734,1
CAFE PURCHASE,1
PETROL STATION 3515,0
UBER EATS DELIVERY,1
WOOLWORTHS SUPERMARKET,0
STARBUCKS 1800,1
BEAUTY SALON 8114,1
ALDI STORES,0
SPA TREATMENT,1
PHARMACY PRESCRIPTION 1573,0
FASHION RETAILER,1
HOME INSURANCE,0
INTERNET SERVICE PROVIDER 1450,0
HAIR SALON,1
DISNEY PLUS,1
SPA TREATMENT 3759,1
LIQUOR STORE 8514,1
SPA TREATMENT,1
STARBUCKS 1695,1
BUS FARE,0
BAR TAB 4993,1
NAIL SALON 3280,1
